{"cameraMode":{"drawMode":0,"name":"Shaded","section":"Shading Mode"},"sceneLighting":true,"audioPlay":false,"sceneViewState":{"m_AlwaysRefresh":false,"showFog":true,"showSkybox":true,"showFlares":true,"showImageEffects":true,"showParticleSystems":true,"showVisualEffectGraphs":true,"m_FxEnabled":true},"in2DMode":false,"pivot":{"x":-10.836296081542969,"y":-20.189105987548829,"z":-9.748391151428223},"rotation":{"x":0.0057624573819339279,"y":0.8457204103469849,"z":-0.5335419774055481,"w":0.00913397315889597},"size":18.613388061523439,"orthographic":false}